<?xml version="1.0" encoding="UTF-8"?>
<project-private xmlns="http://www.netbeans.org/ns/project-private/1">
    <editor-bookmarks xmlns="http://www.netbeans.org/ns/editor-bookmarks/2" lastBookmarkId="1"/>
    <open-files xmlns="http://www.netbeans.org/ns/projectui-open-files/2">
        <group>
            <file>file:/C:/Users/Andres/Documents/NetBeansProjects/ANDRESMARTIN_PARCIAL2/src/parcial/Pila.java</file>
            <file>file:/C:/Users/Andres/Documents/NetBeansProjects/ANDRESMARTIN_PARCIAL2/src/parcial/NodoArbol.java</file>
            <file>file:/C:/Users/Andres/Documents/NetBeansProjects/ANDRESMARTIN_PARCIAL2/src/parcial/Node.java</file>
            <file>file:/C:/Users/Andres/Documents/NetBeansProjects/ANDRESMARTIN_PARCIAL2/src/interfaz/PaginaPrincipal.java</file>
            <file>file:/C:/Users/Andres/Documents/NetBeansProjects/ANDRESMARTIN_PARCIAL2/src/parcial/PilaArbol.java</file>
            <file>file:/C:/Users/Andres/Documents/NetBeansProjects/ANDRESMARTIN_PARCIAL2/src/parcial/BinaryTree.java</file>
            <file>file:/C:/Users/Andres/Documents/NetBeansProjects/ANDRESMARTIN_PARCIAL2/src/parcial/Nodo.java</file>
            <file>file:/C:/Users/Andres/Documents/NetBeansProjects/ANDRESMARTIN_PARCIAL2/src/parcial/Funciones.java</file>
        </group>
    </open-files>
</project-private>
